100,class0,class12,class6,class8,class17,class18,class1,class13,class16,class15,class10,class2,class11,class5,class4,class9,class19,class3,class7,class14
token356,2,1,3,2,1,1,1,1,1,1,1,2,2,1,1,1,1,1,1,1
token70,2,1,1,1,2,1,1,2,1,1,1,1,3,1,1,1,1,1,1,1
token238,2,1,3,1,1,1,1,1,1,1,1,1,1,1,1,1,1,1,1,1
token201,2,1,1,1,2,1,1,1,1,1,1,2,1,1,1,1,1,1,1,1
token31,3,1,1,1,1,1,1,1,1,2,1,1,1,2,1,1,1,1,1,1
token149,2,3,1,1,1,1,1,1,2,1,2,1,1,1,1,1,1,1,2,2
token357,3,1,1,2,1,1,1,1,1,2,1,3,1,1,1,1,1,1,1,1
token233,2,1,1,1,1,1,2,1,1,1,1,1,1,1,1,1,1,1,1,1
token20,2,1,2,1,1,1,1,1,1,1,1,1,2,1,1,2,1,2,1,1
token102,2,1,1,1,1,1,1,1,2,1,2,1,1,1,1,1,1,1,1,1
token79,2,1,1,1,2,1,1,1,1,1,1,1,3,1,2,1,1,1,1,1
token361,1,2,2,1,1,1,1,1,1,2,2,1,1,2,1,1,1,1,1,1
token333,2,3,1,1,1,1,1,1,1,1,1,1,2,2,1,1,1,2,1,1
token347,1,2,1,1,1,1,1,1,1,1,1,1,2,1,1,2,1,1,1,1
token88,1,2,1,1,1,1,2,2,1,1,1,1,2,2,1,1,1,1,1,1
token450,1,2,1,1,2,1,1,1,1,1,1,2,1,2,1,1,1,1,1,1
token175,1,2,1,2,1,1,1,1,1,1,1,1,1,1,1,1,1,1,1,2
token190,1,2,2,1,1,1,1,1,1,1,1,1,1,1,1,1,1,2,1,1
token419,2,2,1,1,2,1,1,1,1,1,1,1,1,2,1,1,1,1,1,1
token466,1,2,1,1,1,1,1,1,1,1,1,1,1,1,1,1,1,1,1,1
token451,1,2,1,2,1,1,2,1,1,2,1,1,1,1,1,1,1,2,1,1
token464,1,2,2,1,1,1,1,1,1,1,1,1,2,2,1,1,1,1,1,1
token52,1,2,2,1,1,1,1,1,1,1,1,1,1,1,1,1,1,1,1,1
token418,1,3,1,1,1,1,2,1,1,1,1,1,1,1,1,1,1,1,1,1
token198,1,1,2,1,1,1,1,1,1,1,1,2,1,1,1,1,1,2,1,3
token279,1,1,2,2,1,1,1,1,1,1,1,1,1,2,1,2,1,1,1,1
token385,2,1,2,1,2,1,1,1,2,1,1,1,1,1,1,1,2,1,1,2
token366,1,2,3,1,3,1,1,1,1,1,2,1,1,1,1,1,1,1,1,1
token213,2,3,2,1,2,1,2,1,1,1,1,1,1,2,2,1,2,1,2,1
token235,1,1,2,1,1,1,1,2,1,1,1,1,1,1,1,1,1,1,1,1
token490,1,1,2,1,1,1,1,1,1,1,1,1,2,2,1,1,1,1,1,3
token262,1,2,2,3,1,1,1,2,1,1,1,2,1,1,1,1,2,1,1,1
token354,2,1,2,1,1,1,2,1,1,1,1,1,1,1,1,1,1,2,1,1
token49,2,1,2,1,1,1,2,1,1,1,1,1,1,1,2,2,1,2,1,2
token270,1,1,2,1,1,1,1,1,1,1,1,1,3,1,1,1,1,1,1,1
token355,1,2,2,2,1,1,1,1,2,1,2,1,1,1,1,1,1,2,1,1
token162,2,1,2,1,3,1,1,1,1,1,1,1,1,1,1,1,1,1,1,1
token412,1,1,2,1,1,1,1,1,1,1,1,1,1,1,1,1,1,1,1,1
token178,1,1,2,2,1,1,1,1,1,1,2,1,1,2,1,1,1,2,1,1
token406,2,2,2,1,1,1,1,1,2,1,1,1,1,1,1,1,1,1,1,1
token253,1,1,2,1,1,1,1,1,1,1,1,2,1,2,1,1,1,1,1,1
token292,1,2,2,1,1,2,1,1,3,1,1,1,1,1,1,2,1,3,1,1
token85,1,1,2,1,1,1,1,1,2,1,1,2,1,1,1,1,1,1,1,1
token55,1,1,4,1,1,1,1,1,1,1,1,1,1,1,1,1,1,1,1,1
token130,1,1,2,1,1,1,1,1,2,1,1,1,1,1,1,1,1,1,1,1
token94,2,2,2,1,1,1,1,1,1,1,1,2,1,1,1,1,1,1,1,1
token165,1,1,2,1,2,1,1,1,1,1,1,1,1,1,1,2,1,1,1,1
token240,1,1,3,1,1,1,1,1,1,1,1,1,1,1,1,1,1,1,2,1
token236,2,1,2,1,1,1,1,1,1,2,1,2,1,1,1,1,1,1,1,2
token465,1,1,2,1,1,1,1,2,1,1,1,1,1,1,1,1,1,1,2,1
token387,1,1,2,2,1,1,1,1,1,1,1,1,1,1,1,2,1,1,1,1
token405,1,1,2,1,1,1,2,1,2,1,1,1,1,1,1,1,1,1,1,1
token394,1,1,2,1,2,1,2,2,1,1,1,2,3,1,1,1,1,1,1,1
token378,1,3,3,1,1,1,1,1,1,1,1,1,1,1,1,1,1,1,1,1
token134,1,1,2,1,1,1,1,1,1,1,1,1,1,2,1,1,1,1,2,1
token474,1,1,2,1,1,1,1,1,1,1,1,1,1,1,1,1,2,1,1,1
token172,1,1,2,1,1,1,2,1,2,1,1,1,1,1,1,1,1,1,1,1
token302,1,1,1,2,1,1,1,1,1,1,1,2,1,1,1,1,2,1,1,1
token339,3,2,1,2,1,1,1,1,1,1,1,1,1,1,1,1,1,1,1,1
token226,2,1,1,2,1,1,1,1,1,1,2,1,1,1,2,1,1,2,1,1
token286,1,1,1,2,1,1,1,1,1,1,1,1,1,1,1,2,1,1,1,1
token342,2,1,1,2,1,1,1,1,1,1,1,1,1,1,1,1,1,1,2,1
token247,2,2,1,2,2,1,1,1,1,1,2,1,1,1,1,1,1,1,1,1
token358,2,1,1,2,1,1,1,1,2,2,1,1,1,2,1,1,1,1,1,1
token109,1,1,1,2,2,1,1,1,1,1,2,2,1,1,1,2,1,1,1,1
token340,1,2,1,2,1,1,1,1,1,1,1,1,1,3,1,1,1,2,2,1
token29,1,1,1,2,2,1,1,1,1,1,1,1,1,1,1,1,1,1,1,1
token45,2,1,1,1,2,2,1,2,1,1,2,1,1,1,1,1,1,1,1,1
token251,1,2,1,1,2,1,1,1,1,1,1,1,1,1,1,1,1,1,1,3
token275,2,2,1,1,3,1,1,1,1,1,1,1,2,1,1,1,1,1,1,1
token297,2,1,2,1,2,1,1,1,2,1,1,1,1,1,1,1,1,1,1,1
token383,1,2,1,1,2,1,1,1,1,1,1,1,1,1,1,1,1,1,2,1
token48,3,1,2,1,4,1,1,1,1,2,1,1,1,1,1,1,2,1,1,1
token316,1,1,2,1,3,1,1,1,1,1,1,1,1,2,1,1,1,1,1,1
token416,1,1,1,2,2,1,1,1,2,1,1,2,2,1,1,1,1,2,1,1
token381,3,1,2,2,2,1,2,1,1,2,1,2,1,1,1,1,1,1,1,1
token386,1,2,1,1,3,1,1,1,2,1,1,1,1,2,1,1,1,1,1,1
token344,1,1,2,1,2,1,1,1,1,1,1,1,2,2,1,1,1,1,2,2
token411,1,1,1,1,4,1,1,1,2,1,1,1,3,3,1,1,2,1,1,1
token116,1,1,1,2,2,1,1,1,1,1,1,1,1,1,1,1,1,1,1,1
token424,1,1,1,1,2,1,1,1,1,1,1,1,1,2,1,1,2,1,1,2
token34,1,1,1,2,2,1,1,2,1,1,1,1,1,1,1,1,1,1,1,1
token153,2,2,1,2,2,1,1,1,1,1,1,1,1,1,1,1,1,1,1,1
token324,1,1,1,1,3,1,1,1,2,1,1,1,1,2,1,1,1,1,1,1
token163,1,2,1,1,1,2,3,1,1,1,2,2,1,2,1,1,1,2,2,2
token325,1,2,2,2,1,2,1,1,1,1,2,1,1,2,1,1,1,1,1,2
token299,1,1,2,1,1,2,1,1,1,1,1,1,3,1,1,1,1,2,1,1
token377,2,1,1,1,2,2,1,1,1,1,1,1,1,1,1,1,1,1,1,1
token244,1,1,1,2,1,2,1,1,1,1,1,1,1,1,1,1,1,1,1,1
token284,3,1,1,1,1,2,1,1,2,1,1,1,1,1,1,1,1,2,1,2
token192,1,2,1,1,2,2,1,1,1,1,1,1,2,1,1,2,1,1,1,1
token470,1,1,1,1,1,2,1,1,1,1,2,1,1,1,1,1,1,1,1,1
token50,1,1,1,1,1,2,1,1,2,1,1,2,1,2,1,1,1,1,2,1
token206,1,1,1,1,1,2,1,1,1,1,1,2,1,1,1,1,1,1,2,1
token179,1,2,1,1,2,2,1,2,1,1,1,1,1,1,1,1,1,1,1,2
token293,1,1,1,1,1,2,1,1,1,1,1,2,1,1,1,1,2,1,2,1
token202,4,1,1,1,1,2,1,1,1,1,1,1,1,1,2,1,1,1,2,1
token72,2,2,2,1,1,2,1,2,1,1,1,1,1,1,1,2,1,1,1,1
token24,1,1,1,1,1,2,1,1,1,1,1,1,1,1,1,1,1,1,1,1
token402,1,1,1,1,1,2,1,1,1,1,1,1,1,1,1,1,1,1,1,1
token97,1,1,1,1,1,2,1,1,1,1,1,1,1,1,1,1,1,1,1,1
token477,1,1,3,1,1,2,1,1,1,1,1,2,1,2,1,1,1,1,1,1
token231,2,1,1,1,1,2,1,2,2,1,1,1,2,1,1,1,1,2,1,2
token454,1,1,1,1,1,2,2,1,1,1,2,1,1,1,1,1,1,1,1,1
token106,2,1,1,1,1,2,2,1,1,1,2,1,2,2,1,1,1,2,1,1
token282,1,1,1,1,1,2,1,1,1,2,1,1,1,1,1,1,1,1,1,1
token212,1,1,1,2,1,1,2,1,1,1,2,1,1,1,1,1,1,1,1,1
token17,1,1,1,1,1,1,2,1,2,1,1,1,2,1,1,1,2,1,1,1
token455,2,1,1,1,1,1,2,1,1,1,3,1,2,2,1,1,2,2,1,1
token486,1,1,1,1,1,1,2,1,1,1,1,1,1,1,1,2,1,1,2,1
token390,2,1,2,1,1,1,1,2,1,1,1,1,1,1,1,1,1,2,1,1
token343,1,1,1,1,1,1,1,2,1,1,1,1,2,1,1,2,1,1,1,1
token69,1,1,1,1,2,1,1,2,2,1,1,1,1,1,1,1,1,1,1,1
token11,1,1,1,1,1,2,1,2,1,1,2,1,1,1,1,1,1,1,1,1
token169,1,2,2,2,1,1,1,2,1,1,1,1,1,1,1,1,1,1,1,1
token295,1,3,1,1,1,1,2,2,1,1,2,1,2,1,1,1,1,1,1,1
token415,1,1,2,1,1,1,1,2,2,1,1,1,1,1,1,2,1,1,1,1
token372,1,1,1,1,1,1,1,1,2,1,1,1,2,1,1,1,1,2,2,1
token425,1,1,1,1,2,1,1,1,2,1,1,2,1,3,1,1,1,1,1,1
token255,1,1,2,2,1,1,1,2,3,1,1,1,2,1,1,1,1,1,1,1
token467,2,1,2,1,2,1,1,1,2,1,1,1,1,1,1,1,1,1,1,1
token417,2,3,2,1,1,1,1,1,2,1,1,1,1,2,1,1,2,1,1,1
token352,1,2,1,1,2,1,1,1,2,1,1,1,1,2,1,1,1,1,1,1
token403,1,1,1,1,2,1,1,1,2,2,2,1,2,1,1,1,2,2,1,1
token59,1,1,2,1,2,1,1,1,2,1,1,1,1,1,1,2,1,1,1,1
token271,1,3,1,1,1,1,1,1,2,1,1,2,1,3,1,2,2,1,1,1
token151,1,1,1,1,1,1,1,1,2,1,1,1,1,1,1,1,1,1,1,1
token471,2,1,1,1,1,1,1,1,2,1,2,1,1,2,1,1,1,1,3,1
token423,1,2,2,1,1,1,1,1,2,1,1,1,1,2,1,1,1,1,1,1
token327,1,3,2,1,1,1,1,1,2,1,1,1,3,3,1,1,1,1,1,1
token463,2,1,1,1,1,1,1,1,2,1,1,1,1,2,1,1,2,1,1,1
token229,1,1,1,1,1,1,1,1,2,1,2,1,1,2,1,1,1,1,2,1
token458,1,1,2,1,1,1,1,1,1,1,1,2,1,1,1,1,1,1,1,1
token68,2,1,2,1,1,1,1,2,1,1,1,1,1,1,1,2,1,1,1,1
token125,1,1,2,1,1,1,1,1,1,1,2,1,1,2,1,1,1,1,1,1
token304,2,1,2,1,1,1,1,1,1,1,1,1,2,1,1,1,1,1,1,1
token457,1,1,2,1,1,1,1,1,1,1,1,1,1,1,1,1,1,1,3,1
token195,1,1,2,1,1,1,1,1,1,1,1,1,1,1,1,1,1,1,1,2
token14,2,2,2,1,1,1,1,1,1,1,1,1,1,1,2,1,1,1,2,1
token126,1,2,2,1,2,1,1,1,1,1,1,2,2,1,1,1,1,2,1,1
token489,1,2,2,1,1,1,1,1,1,1,1,2,1,1,1,1,1,1,1,1
token144,1,1,2,1,1,1,1,1,1,1,1,1,1,1,1,2,2,1,1,1
token128,1,1,2,1,1,1,1,1,1,1,1,1,1,1,1,1,1,1,1,1
token148,3,1,2,1,1,1,1,1,1,1,1,1,1,2,1,1,1,2,1,1
token430,1,1,3,1,1,1,1,1,1,2,1,1,1,2,1,1,1,1,1,1
token468,1,2,2,1,1,1,1,1,1,1,2,1,2,1,1,1,1,1,1,1
token28,2,1,3,1,1,1,1,1,2,1,1,1,1,1,1,1,1,1,2,1
token47,1,1,2,1,1,1,1,1,2,1,1,1,1,1,1,1,1,1,1,1
token268,1,1,2,1,1,1,1,1,1,1,1,1,1,1,1,1,1,1,1,1
token77,1,1,2,1,2,1,2,1,1,1,1,2,1,1,1,1,1,1,1,1
token380,1,1,2,1,1,1,1,1,1,1,1,1,2,1,1,1,1,1,2,1
token21,1,1,1,1,2,1,1,1,1,2,1,1,1,2,1,1,2,1,2,1
token296,1,1,1,1,1,1,1,1,1,2,1,1,1,2,1,3,2,1,1,1
token447,1,1,1,1,1,1,1,1,1,2,1,1,2,1,1,1,1,1,1,1
token129,1,2,1,2,1,1,1,1,2,2,1,1,1,1,1,1,1,1,2,1
token158,1,2,1,1,1,1,1,1,1,1,2,1,1,1,1,1,1,1,2,1
token160,1,1,1,1,1,1,1,1,2,1,3,1,1,2,1,2,1,1,1,2
token197,1,2,2,1,1,1,1,1,2,2,2,1,1,1,1,1,1,2,1,1
token308,1,1,1,1,2,1,1,1,1,1,2,1,1,1,1,1,2,1,1,1
token375,1,1,1,1,1,1,1,2,1,1,2,1,1,2,1,1,1,1,2,1
token82,1,1,2,1,1,1,1,1,1,1,2,2,1,2,1,1,1,1,2,1
token124,1,1,2,1,1,1,1,1,1,1,2,2,1,2,1,1,1,1,1,1
token453,1,1,1,1,1,1,1,1,1,1,2,1,2,1,1,1,1,1,1,1
token488,1,1,1,1,1,1,1,1,1,1,2,1,2,2,1,1,1,1,1,1
token40,1,2,1,1,1,1,1,1,1,1,2,1,1,2,1,1,1,2,1,1
token413,1,1,1,1,1,1,2,1,1,1,2,1,1,1,1,1,1,1,1,1
token93,1,1,2,1,1,1,2,1,1,1,2,1,1,1,1,1,1,2,1,1
token373,2,2,1,2,1,1,1,1,1,1,1,1,1,1,1,1,2,1,1,1
token452,1,1,2,2,2,1,1,1,1,1,1,1,2,2,1,1,1,2,2,1
token234,1,3,2,2,1,1,1,1,1,2,1,1,1,1,1,1,1,1,1,1
token216,1,1,1,2,1,1,2,1,1,1,1,1,1,1,1,1,1,1,1,1
token215,1,2,1,2,3,1,1,1,1,1,1,1,1,2,1,1,1,1,1,1
token257,1,1,1,2,3,1,1,1,1,1,2,1,2,1,1,1,1,1,1,1
token482,1,1,1,2,2,1,1,1,1,1,1,1,1,1,1,1,1,2,1,2
token432,1,1,1,2,2,1,1,1,1,1,1,1,1,1,1,1,1,1,1,1
token314,1,3,1,3,1,1,2,1,1,1,2,1,1,1,1,2,2,1,1,1
token498,2,2,2,2,1,1,1,1,1,1,1,2,1,3,1,1,1,1,1,1
token320,2,1,2,2,1,1,2,1,2,1,1,1,1,2,3,1,1,1,1,1
token389,1,1,1,2,1,1,1,1,1,1,1,2,1,1,1,1,1,1,1,1
token36,1,1,1,2,1,1,1,1,2,1,1,1,1,2,1,1,1,1,1,1
token472,1,1,1,2,1,1,2,1,1,1,1,1,1,1,1,1,1,1,1,1
token176,1,1,1,2,1,1,1,1,2,1,1,1,2,2,1,2,1,1,1,1
token442,1,1,1,2,1,1,1,1,1,1,1,1,3,1,1,2,1,2,1,1
token492,2,1,1,1,1,1,1,2,1,1,1,1,2,1,1,2,1,1,1,1
token341,3,1,3,2,1,1,1,1,1,1,1,1,1,1,1,1,2,1,1,1
token119,2,1,1,1,2,1,1,1,1,1,1,1,2,1,1,1,1,1,1,1
token351,2,1,1,2,1,1,1,1,1,1,1,1,1,1,1,1,1,1,1,1
token227,3,1,1,1,1,1,1,1,1,1,1,3,1,1,1,1,1,2,1,1
token478,1,1,1,1,1,1,2,1,1,1,1,2,1,1,1,1,1,1,1,1
token335,1,1,1,1,1,1,1,1,1,1,1,2,1,1,1,1,2,1,1,1
token12,2,1,1,2,1,1,1,1,2,1,1,1,1,1,1,1,1,2,1,1
token10,1,1,1,1,1,1,1,2,2,1,1,1,1,1,1,1,1,1,1,1
token371,2,1,1,1,1,1,1,1,2,1,1,1,1,1,1,1,1,1,1,1
token348,2,1,1,2,1,1,1,1,2,1,1,1,1,1,1,1,1,1,1,2
token81,2,1,1,1,1,1,1,1,2,1,2,1,1,3,1,1,1,1,2,1
token313,3,1,2,1,1,1,1,1,2,1,1,1,1,1,1,1,1,1,1,2
token166,2,2,1,1,1,1,1,1,2,1,1,2,1,1,1,1,1,1,2,1
token399,1,2,1,1,2,1,1,1,2,1,2,1,1,1,1,1,2,2,1,1
token259,1,1,1,1,1,1,2,2,2,1,1,1,2,1,1,1,2,2,2,1
token326,1,1,1,1,1,1,2,1,2,1,2,1,1,2,1,1,2,1,1,1
token89,1,1,1,1,2,1,1,1,2,1,1,1,1,1,1,1,1,1,1,1
token475,1,2,1,1,1,1,1,1,3,1,1,1,1,1,1,2,1,2,1,1
token13,2,1,2,1,1,1,1,2,3,1,1,1,1,1,1,1,1,1,1,1
token122,1,1,1,1,1,1,1,1,2,1,1,2,1,2,1,1,1,1,1,1
token137,1,1,1,1,1,1,1,1,2,1,1,1,1,2,1,1,1,1,1,1
token161,1,1,1,1,1,1,1,1,2,2,1,1,1,1,1,1,1,1,1,1
token171,1,1,1,1,1,1,1,2,2,1,2,1,1,1,1,1,1,2,2,1
token317,1,2,2,1,1,1,1,1,1,1,1,1,2,1,1,1,1,1,1,1
token108,2,1,1,1,1,1,1,1,1,1,1,1,2,1,1,1,2,1,1,1
token408,1,1,1,1,1,1,1,1,1,1,1,1,2,2,2,1,1,1,1,1
token395,1,1,1,1,1,1,1,1,1,1,1,1,2,1,1,1,3,2,1,1
token289,1,1,1,1,2,1,1,1,1,1,1,1,2,1,1,1,1,2,1,1
token446,1,2,1,1,1,1,1,1,1,1,1,2,2,1,1,1,1,1,1,1
token182,3,3,2,1,2,1,2,2,1,1,1,2,2,1,1,1,1,1,1,1
token346,2,1,1,1,1,1,1,1,1,1,2,1,3,1,1,2,1,2,1,1
token152,1,2,1,2,2,1,1,2,1,1,2,1,3,1,1,1,1,1,1,1
token428,1,1,1,1,1,1,1,2,1,1,2,1,2,1,1,1,1,1,1,1
token74,1,2,1,1,1,1,2,1,1,1,2,1,2,3,1,1,1,1,1,1
token30,3,1,1,1,1,1,1,1,1,2,2,2,1,1,2,1,1,1,1,1
token433,2,1,1,1,2,1,2,1,2,1,2,1,1,1,1,1,1,1,1,1
token114,1,1,1,1,1,1,1,1,1,1,2,1,1,1,1,1,1,1,2,1
token237,1,1,2,1,1,1,2,1,1,1,2,1,1,1,1,1,1,1,2,1
token170,1,1,1,1,1,1,1,1,1,2,2,1,2,1,1,2,1,1,1,1
token42,2,1,1,1,1,1,1,2,1,1,2,2,1,1,1,1,1,1,2,1
token345,1,1,1,1,2,1,1,2,2,1,2,1,1,2,1,1,1,1,1,1
token183,2,2,1,1,1,1,1,1,1,1,2,1,1,1,1,1,1,1,1,1
token359,1,1,1,2,1,1,1,1,1,1,2,1,1,2,1,1,1,2,1,1
token150,2,1,1,1,1,1,1,1,2,1,2,1,1,1,1,1,1,1,1,1
token369,1,2,1,1,1,1,1,1,1,1,2,1,1,1,1,1,1,2,1,1
token426,1,2,2,1,1,1,2,1,2,1,1,1,1,3,1,1,1,1,1,2
token267,1,1,2,1,1,1,1,1,1,2,1,2,1,2,1,1,2,1,1,1
token83,1,1,2,1,1,1,1,1,2,1,1,1,1,2,1,1,1,1,1,1
token407,1,1,1,1,1,1,1,1,1,2,1,1,1,3,1,1,1,1,1,1
token487,1,1,1,1,1,1,1,1,1,1,1,1,1,2,1,1,1,1,1,1
token140,1,2,1,2,1,1,1,1,1,2,1,1,2,2,1,1,1,1,1,1
token189,2,1,1,1,1,1,1,1,1,1,1,1,1,3,1,1,1,1,1,2
token374,1,2,1,1,1,1,1,1,1,2,1,1,1,3,1,1,1,1,2,1
token443,1,1,1,1,1,1,1,1,1,1,1,1,2,3,2,1,1,1,1,1
token221,1,1,1,1,1,1,1,1,1,1,1,1,1,3,1,1,1,2,1,1
token445,1,1,2,1,1,1,1,1,2,1,1,2,1,2,1,1,1,1,1,1
token349,2,2,1,1,1,1,1,1,1,1,1,1,1,2,1,1,1,1,1,1
token41,2,1,1,1,1,1,1,2,1,1,1,1,1,3,1,1,1,1,1,1
token186,1,1,1,1,1,1,1,1,1,1,2,1,1,2,1,1,1,1,1,1
token54,1,1,1,1,1,1,1,1,1,1,3,1,1,1,1,1,1,1,1,2
token272,1,1,1,1,1,1,1,1,1,1,2,1,2,1,1,1,1,1,1,1
token168,1,2,1,1,1,1,1,1,1,1,2,1,1,1,1,2,1,1,1,1
token32,1,1,2,1,1,1,1,1,1,1,2,1,2,1,1,1,1,1,1,1
token220,1,2,1,1,1,1,1,1,1,1,2,3,1,1,1,1,1,1,1,1
token208,1,1,1,1,1,1,1,1,1,1,2,2,1,1,1,1,2,1,1,1
token429,1,1,1,1,1,1,1,1,1,1,2,1,1,1,1,1,1,1,1,1
token243,2,1,1,1,1,1,1,1,1,1,2,1,1,1,1,1,1,2,1,1
token353,3,2,1,2,1,1,3,1,1,1,2,1,1,1,1,1,1,1,1,2
token362,1,1,1,1,2,1,1,1,1,2,2,1,2,1,1,1,1,1,1,1
token133,1,1,2,1,2,1,1,2,1,1,1,1,1,2,1,1,1,1,1,1
token264,1,1,2,1,1,1,1,1,1,1,1,3,1,3,1,1,1,1,1,2
token37,1,1,2,1,1,1,1,1,1,1,1,1,1,1,1,1,1,1,1,1
token58,1,1,2,1,1,1,1,1,1,1,1,2,1,1,1,1,1,1,1,1
token368,1,1,3,1,1,1,1,1,1,1,1,2,1,1,1,1,1,1,1,1
token431,2,1,2,2,1,1,1,3,1,1,1,1,1,1,1,1,1,1,1,1
token61,1,1,2,1,1,1,1,1,1,2,1,1,1,1,1,1,1,2,1,1
token127,1,1,2,1,2,1,1,1,1,1,1,1,1,1,1,1,1,1,1,1
token76,1,1,1,1,1,1,1,2,1,1,2,3,3,1,1,1,1,1,1,1
token51,1,1,1,1,1,1,1,1,1,1,1,2,1,1,1,1,1,1,1,1
token422,1,1,1,1,1,1,1,1,1,1,1,2,1,4,1,1,2,1,1,1
token7,1,1,1,1,1,1,1,1,2,1,1,2,1,1,1,1,1,1,2,2
token164,1,1,1,1,2,1,1,1,1,1,1,2,1,1,2,1,1,1,1,1
token103,1,1,1,1,1,1,1,1,1,1,1,2,1,1,1,1,1,1,1,1
token27,1,2,1,1,1,1,2,1,1,1,1,2,2,2,2,1,1,1,1,1
token191,1,1,1,1,1,1,1,1,1,1,1,3,1,1,1,1,1,1,1,1
token224,1,2,3,1,1,1,1,1,3,1,1,3,1,2,1,1,1,1,1,1
token223,1,1,1,1,2,1,1,1,1,1,2,2,1,1,2,3,1,1,2,2
token266,1,1,2,1,1,1,1,1,1,1,1,2,1,2,1,1,1,1,1,1
token434,1,1,1,1,1,1,1,1,1,2,1,2,1,1,1,2,1,2,2,1
token239,2,2,1,1,1,1,2,1,1,1,1,2,1,1,1,1,1,2,1,1
token499,1,1,1,1,1,1,1,1,1,1,1,2,1,1,1,1,1,1,1,1
token184,1,1,1,1,1,1,1,1,1,1,1,2,1,1,1,1,1,1,1,1
token459,1,1,1,1,1,1,1,1,2,1,1,2,1,1,1,1,1,1,1,1
token123,1,1,1,1,1,1,1,1,1,1,2,2,1,1,1,1,1,1,1,1
token101,1,1,1,1,1,1,1,1,1,1,1,2,1,1,2,1,1,1,2,1
token312,1,1,1,1,1,1,1,1,1,1,1,2,2,1,1,1,1,3,1,1
token159,1,1,1,1,1,1,1,1,1,1,1,2,1,1,1,1,1,1,1,1
token495,1,1,1,1,1,1,1,1,1,1,1,3,1,1,1,1,1,1,1,1
token331,1,1,1,1,2,1,1,1,1,1,1,1,1,1,1,1,1,1,1,1
token173,2,3,1,1,3,1,1,1,1,1,1,1,1,2,1,2,1,2,1,1
token232,1,1,1,1,2,1,1,1,1,1,1,1,1,1,1,1,1,2,2,1
token100,1,1,1,1,3,1,1,1,1,1,1,1,3,2,1,1,1,1,1,1
token26,1,1,1,1,2,1,2,2,1,1,1,1,2,1,1,1,1,1,2,1
token230,2,1,1,1,2,1,1,1,1,2,1,1,1,1,1,2,2,2,1,2
token384,2,1,1,1,2,1,1,1,1,1,1,1,1,2,1,1,1,2,1,1
token57,2,1,1,1,1,1,1,1,1,1,1,1,1,1,1,2,1,1,1,1
token204,2,2,1,1,1,1,1,1,1,1,1,1,1,1,1,1,1,1,1,1
token280,2,1,1,1,1,1,1,1,1,1,1,1,1,2,1,1,2,3,2,1
token438,2,1,1,1,1,1,1,1,1,1,1,1,1,1,1,1,2,1,1,1
token287,2,1,1,2,1,1,1,1,1,1,1,1,2,3,1,1,1,1,1,1
token379,2,1,1,1,1,1,3,1,1,1,1,1,1,1,1,1,1,1,1,2
token194,3,2,1,1,2,1,1,1,1,2,1,2,1,1,1,1,1,1,1,1
token496,3,1,1,2,1,1,1,1,1,1,1,1,1,2,1,1,1,1,1,1
token135,3,3,1,1,1,1,1,1,1,1,1,1,1,1,1,1,1,1,1,1
token444,3,1,2,1,1,1,1,1,1,1,2,1,1,1,1,1,1,1,1,1
token409,2,2,1,2,2,1,1,1,1,2,1,1,2,1,1,1,1,1,2,1
token401,2,1,1,1,1,1,1,1,2,1,1,1,1,1,1,1,1,2,1,1
token307,2,2,1,1,1,1,1,1,1,2,1,1,1,1,1,1,1,2,1,2
token260,1,1,1,1,1,1,2,2,2,1,1,1,1,1,2,1,2,1,1,2
token439,1,2,1,1,1,1,1,1,1,1,1,1,1,1,2,1,1,2,1,1
token156,1,1,2,1,2,1,2,1,1,1,1,1,1,1,2,2,1,2,1,2
token91,1,1,1,1,1,1,1,1,1,1,1,1,1,1,1,2,1,2,1,1
token90,2,1,1,1,1,1,1,1,1,1,1,1,1,2,1,2,1,1,1,1
token278,1,1,1,1,1,1,2,1,2,1,2,1,1,1,1,2,1,1,1,1
token497,2,1,1,1,1,1,1,1,1,1,1,1,1,1,1,2,2,2,1,1
token19,1,1,1,1,1,1,2,1,1,1,1,1,1,1,1,2,2,1,1,1
token283,2,1,1,1,1,1,1,1,1,1,1,1,1,1,1,2,1,1,1,1
token177,1,1,2,1,1,1,1,1,1,1,2,1,1,1,1,2,1,2,2,1
token365,1,2,2,2,1,1,2,1,1,1,1,1,1,1,1,2,1,1,1,1
token305,1,1,1,1,1,1,1,1,1,2,1,1,1,1,1,2,1,1,1,1
token38,1,1,1,1,2,1,1,2,1,1,1,1,1,1,1,2,1,1,1,1
token86,1,1,2,1,1,1,1,1,2,3,2,2,1,1,1,2,1,1,1,1
token310,1,2,1,2,1,1,1,1,1,1,1,1,1,2,1,1,1,1,1,1
token84,1,1,2,2,2,1,1,2,1,1,1,1,1,1,1,1,1,2,1,1
token460,1,1,1,2,1,1,1,1,1,1,1,1,1,1,1,1,1,2,1,1
token301,2,1,1,2,2,1,1,1,2,1,1,1,2,1,1,2,1,1,1,1
token476,1,1,1,1,1,1,1,1,1,1,2,2,2,1,1,1,1,2,1,1
token193,1,1,1,1,1,1,2,1,1,1,1,2,2,1,1,1,1,1,1,1
token218,1,1,2,1,2,1,1,1,2,1,1,1,1,1,1,2,2,1,1,1
token110,1,1,2,1,1,1,1,1,2,1,2,1,1,1,1,1,1,1,1,1
token121,2,3,1,1,1,1,1,1,2,1,1,1,1,2,1,1,1,1,1,2
token111,1,1,1,1,1,1,1,1,2,1,1,1,1,1,1,1,2,1,2,1
token66,2,1,1,1,1,1,1,1,2,1,1,1,1,1,1,1,2,1,1,2
token258,1,1,1,1,1,1,1,1,2,1,1,2,1,1,1,1,1,2,1,1
token427,1,1,2,1,1,1,1,1,2,1,1,1,1,1,1,1,1,2,1,1
token96,1,1,2,1,1,1,1,1,2,1,1,1,1,3,1,1,1,1,2,1
token436,2,1,1,1,1,1,1,1,2,1,1,1,1,2,1,1,1,1,1,1
token350,1,1,2,1,1,1,1,1,2,1,1,1,1,1,1,1,1,1,1,1
token99,1,2,2,1,1,1,1,1,2,1,1,1,1,1,1,1,1,1,1,3
token4,1,1,1,1,2,1,1,1,2,1,1,1,1,1,1,1,2,1,1,1
token138,2,1,1,1,1,1,1,1,2,1,1,1,1,2,2,1,1,1,1,2
token228,1,1,1,1,1,1,2,1,2,1,1,1,1,1,1,1,1,2,1,1
token440,1,1,1,1,1,1,1,1,2,1,1,1,1,2,1,1,2,1,2,1
token9,2,1,1,1,1,1,1,1,2,1,1,1,1,1,1,1,1,1,1,1
token167,1,2,1,1,1,1,2,1,2,1,1,1,2,1,1,1,2,1,1,1
token274,1,2,1,1,2,1,1,1,2,1,1,1,1,2,1,1,1,1,1,1
token397,1,1,1,1,1,1,1,1,2,3,1,1,1,1,1,1,1,1,1,1
token388,1,3,1,1,1,1,1,1,2,1,1,1,1,1,1,2,1,1,2,1
token269,1,1,1,1,1,1,1,1,1,2,1,1,1,1,1,1,1,1,1,1
token337,1,2,1,1,1,1,1,1,1,2,1,1,1,2,1,1,1,1,1,1
token329,1,1,1,1,1,1,1,1,1,2,1,1,1,1,1,1,1,1,1,1
token75,1,2,1,1,1,1,1,1,1,2,2,1,2,1,1,1,1,1,1,2
token199,1,2,1,1,2,1,1,1,1,1,1,1,1,1,1,1,1,1,1,1
token480,1,2,1,1,2,1,1,1,1,2,1,1,1,1,1,2,1,1,1,1
token449,2,2,1,1,1,1,1,1,1,1,1,1,1,1,1,1,1,1,1,1
token18,1,2,2,1,1,1,1,1,1,1,1,1,2,1,1,1,2,1,1,1
token328,1,1,1,1,1,1,1,1,1,1,1,1,1,1,1,1,2,1,1,1
token404,1,2,1,1,1,1,1,1,1,1,1,1,1,1,1,1,2,2,2,1
token241,1,2,1,1,1,1,1,1,1,2,1,1,1,1,1,1,2,1,1,1
token323,1,1,2,1,1,1,1,1,1,1,1,1,1,1,2,2,2,1,1,1
token25,2,1,1,1,1,1,2,2,1,1,1,1,1,1,1,1,1,1,1,1
token285,2,1,1,1,1,1,1,1,1,1,1,1,1,1,1,1,1,1,1,1
token62,4,1,1,1,1,1,1,2,1,1,2,1,1,1,1,1,1,1,1,1
token188,2,1,2,1,1,1,2,1,1,1,1,1,2,1,1,1,1,1,1,1
token396,2,1,1,1,2,1,1,1,1,1,1,1,1,1,1,2,1,1,1,1
token98,3,1,1,1,3,1,1,1,1,1,1,1,1,1,1,1,1,1,1,1
token203,1,1,1,1,1,1,1,1,1,1,1,1,1,1,1,1,1,2,1,1
token3,3,1,1,1,1,1,1,1,1,1,1,1,1,1,2,1,1,3,1,1
token441,2,1,1,1,1,1,1,1,1,1,1,1,2,2,1,2,1,1,1,1
token87,1,1,1,1,2,1,1,1,1,1,1,1,2,3,1,1,2,1,1,1
token8,2,1,1,1,1,1,1,1,1,2,1,1,2,3,1,1,1,1,3,1
token318,1,1,1,1,2,1,1,1,1,1,1,1,3,1,1,1,1,1,1,1
token180,1,1,1,2,1,1,1,1,1,1,1,1,2,1,1,1,1,1,1,1
token391,1,1,1,1,1,1,1,1,1,1,1,1,1,2,1,1,1,3,1,1
token44,1,1,1,1,1,1,1,1,1,1,1,1,1,1,1,1,1,2,1,1
token225,2,1,1,1,1,1,1,1,1,1,1,1,1,1,1,1,1,3,1,1
token410,1,1,3,1,1,1,1,1,1,1,1,1,1,1,1,1,1,2,1,1
token370,1,1,1,1,1,1,1,1,1,1,1,1,1,1,1,1,1,1,2,1
token338,1,2,1,1,1,1,1,1,1,1,1,1,1,1,1,1,1,1,2,1
token294,1,2,1,1,1,1,1,1,1,1,1,1,1,1,1,1,2,1,2,1
token113,1,2,1,1,1,1,2,1,1,1,2,1,1,2,1,1,1,1,2,1
token145,1,1,1,1,1,1,2,1,1,1,1,1,1,2,1,1,1,1,2,1
token115,1,1,1,1,1,1,1,1,1,1,1,1,1,1,1,1,1,2,1,1
token448,1,3,1,1,2,1,1,1,1,1,1,2,2,1,1,1,1,2,1,1
token33,1,1,2,1,1,1,1,1,1,1,1,1,1,1,1,2,1,2,2,2
token141,2,1,1,1,1,1,1,1,1,1,1,1,1,1,1,1,1,2,1,1
token132,2,1,1,1,1,1,1,1,1,1,1,1,1,1,1,2,1,2,1,2
token491,1,1,1,1,1,1,1,1,1,1,1,1,1,1,1,1,1,2,1,1
token143,1,1,1,1,1,1,1,1,1,2,1,1,1,2,1,1,1,2,1,1
token315,2,1,1,2,1,1,1,1,1,1,1,1,1,1,1,1,1,1,1,2
token298,2,1,1,1,1,1,1,1,1,1,1,1,1,1,1,1,1,1,1,2
token211,2,3,1,1,1,1,1,1,1,1,1,1,1,1,1,1,1,1,1,1
token249,2,2,1,1,1,1,1,1,1,1,1,1,1,1,1,2,2,1,1,1
token420,3,2,1,1,1,1,1,1,1,1,2,1,1,1,1,1,1,1,2,1
token398,2,1,2,1,1,1,1,1,1,1,2,1,1,1,1,1,1,2,1,1
token306,1,1,1,1,1,1,3,2,1,1,1,1,1,1,1,1,1,1,1,1
token382,1,1,1,2,1,1,1,1,1,1,1,1,1,1,1,1,1,1,1,1
token53,1,1,1,2,1,1,1,1,1,1,1,1,1,1,1,2,1,1,1,2
token146,1,1,1,1,1,1,1,2,1,2,1,1,1,1,1,1,1,1,1,1
token273,1,1,1,1,1,1,1,2,1,1,1,1,1,1,1,1,1,1,1,2
token277,1,3,1,1,1,1,1,2,1,1,1,1,1,1,1,1,1,1,1,1
token105,1,1,1,1,1,1,1,2,1,1,1,1,1,1,1,1,1,1,2,1
token479,1,2,1,1,1,1,1,2,1,1,1,1,1,1,1,1,1,1,1,1
token330,1,1,1,1,1,1,1,2,1,1,1,1,2,1,1,1,1,1,3,1
token303,1,2,1,1,1,1,1,2,1,1,1,1,1,1,1,1,1,1,1,2
token276,3,3,1,1,1,1,1,1,1,1,1,1,1,1,1,1,1,1,2,2
token281,2,1,1,1,1,2,1,1,1,1,1,1,1,1,1,1,1,1,1,1
token142,2,1,1,1,1,1,1,1,1,1,1,1,1,1,1,1,1,1,1,1
token117,2,3,1,1,2,1,1,1,1,1,1,1,1,1,1,1,1,1,2,1
token421,2,1,1,1,1,1,2,1,1,1,1,1,2,1,1,1,1,1,1,1
token147,1,2,1,1,1,1,1,1,1,2,1,1,2,1,1,1,1,1,1,2
token248,1,2,1,1,1,1,1,1,1,1,1,1,1,1,1,1,1,1,1,1
token136,1,2,2,1,1,1,1,1,1,1,1,1,1,1,1,1,2,1,1,2
token71,2,2,1,1,1,1,1,1,1,1,1,1,1,2,1,1,2,1,1,1
token104,1,1,1,1,1,1,1,1,1,1,1,1,2,1,1,1,1,1,1,2
token321,1,1,1,1,1,1,1,1,1,1,1,1,1,1,1,1,1,2,1,2
token16,1,1,1,1,2,1,3,1,1,1,1,1,1,1,1,1,2,1,1,2
token222,1,1,1,1,1,1,1,1,1,1,1,1,1,1,1,1,2,2,1,2
token63,2,1,1,1,1,1,1,1,1,1,1,1,1,1,1,1,1,1,1,2
token367,1,1,1,1,1,1,1,1,1,1,1,1,1,1,1,1,1,1,1,3
token187,1,1,2,1,1,1,1,1,1,1,1,1,2,1,1,1,1,1,1,2
token64,1,2,2,1,1,1,1,1,1,1,1,2,1,2,1,1,1,1,2,1
token364,1,1,2,1,2,1,1,1,1,1,1,1,1,1,1,1,1,1,1,1
token67,1,1,2,1,1,1,1,1,1,1,1,1,1,3,1,1,2,1,1,1
token400,1,1,2,1,1,1,1,1,1,1,1,1,1,1,1,1,1,1,1,1
token288,1,1,2,1,1,1,1,1,1,1,1,2,1,1,1,1,1,1,1,1
token207,1,1,1,1,2,1,1,1,1,1,1,1,1,1,1,1,1,1,1,2
token265,1,1,1,1,2,1,1,1,1,1,1,1,1,1,1,1,1,2,1,1
token245,1,1,1,1,1,1,2,1,1,1,1,1,2,1,1,1,1,1,1,1
token60,1,1,1,1,1,1,1,1,1,1,1,1,2,1,1,1,1,1,1,1
token473,1,1,2,1,2,1,1,1,1,1,1,1,1,1,2,1,1,1,1,1
token35,1,1,3,1,1,1,1,1,1,1,1,1,1,1,1,2,1,1,1,1
token118,1,1,2,1,1,1,1,1,1,1,1,1,1,1,1,1,1,2,1,1
token322,1,1,2,1,1,1,1,1,1,1,1,1,1,1,1,1,1,1,1,1
token39,1,1,2,1,1,1,2,1,1,1,1,1,1,1,1,1,1,1,1,1
token112,1,1,1,1,1,1,1,1,1,1,1,1,1,1,1,1,1,1,1,2
token462,1,1,1,1,1,1,1,1,1,1,1,1,1,1,1,1,1,1,1,2
token290,1,1,1,1,1,1,1,1,1,2,1,1,1,1,3,1,1,1,1,2
token209,1,1,1,1,1,1,2,1,1,1,1,1,1,2,1,1,1,1,1,2
token414,1,1,2,1,1,1,1,1,1,1,1,2,1,1,1,1,1,1,2,2
token494,2,1,1,1,1,1,1,1,1,1,1,1,1,1,1,1,1,1,3,1
token219,1,1,1,1,2,1,2,1,1,1,1,1,1,3,1,1,1,1,2,1
token196,1,1,1,1,1,1,2,1,1,1,1,1,1,1,1,1,1,1,2,1
token174,1,2,1,1,1,1,1,1,1,1,1,2,2,1,1,1,1,2,2,1
token481,1,1,1,1,1,1,1,1,1,1,1,1,1,3,3,1,1,1,1,1
token120,1,2,2,1,1,1,1,1,1,2,1,1,1,1,1,2,1,1,1,1
token154,1,1,2,1,1,1,1,1,1,1,1,1,1,1,1,1,1,1,1,1
token95,1,1,2,1,2,1,1,1,1,1,1,1,1,1,1,1,1,1,1,1
token311,1,1,2,1,1,1,1,1,1,1,1,1,1,1,1,1,1,1,1,1
token242,1,1,2,1,1,1,2,1,1,1,2,2,1,1,1,2,1,1,1,1
token6,2,1,1,1,1,1,1,1,1,1,1,1,1,2,1,1,2,1,1,1
token300,2,1,1,1,1,1,1,1,1,1,1,1,1,1,1,1,1,1,1,1
token291,1,1,1,1,1,1,1,1,1,1,1,2,1,1,1,1,1,2,1,1
token319,1,1,1,1,2,1,1,1,1,1,1,1,1,1,1,1,1,2,1,1
token2,1,2,1,1,1,2,2,1,1,1,1,1,2,1,1,1,1,1,1,1
token261,1,1,1,1,1,1,1,1,1,1,1,1,2,1,1,1,1,1,1,1
token22,1,2,1,1,1,1,1,1,1,1,2,1,1,1,1,1,1,1,1,1
token92,1,2,1,1,1,1,2,1,1,1,1,1,1,1,1,2,1,1,1,1
token376,1,3,1,1,1,1,1,1,1,1,1,1,1,1,1,1,1,2,1,1
token43,1,2,1,1,1,1,1,1,1,1,1,1,1,1,2,1,1,1,1,1
token131,1,2,2,1,1,1,2,1,1,1,1,1,1,1,1,2,1,1,1,1
token332,1,1,1,1,2,1,1,1,1,1,1,1,1,1,1,1,1,1,1,1
token484,1,2,1,1,2,1,1,1,1,1,1,1,1,2,1,1,1,1,1,1
token214,1,1,1,1,2,1,1,1,1,1,1,1,1,1,1,1,1,1,1,1
token139,1,2,1,1,2,1,1,1,1,1,1,1,1,1,1,1,1,1,1,1
token493,1,2,1,1,1,1,2,1,1,1,1,1,2,1,1,1,1,1,1,1
token181,1,1,1,1,1,1,1,1,1,1,1,1,2,1,1,1,1,1,1,1
token56,1,1,1,1,1,1,1,1,1,1,2,1,1,1,1,1,2,1,1,1
token334,1,1,1,1,2,1,1,1,1,1,1,1,1,1,1,1,2,1,1,1
token157,1,1,1,1,1,1,1,1,1,1,1,1,1,2,1,1,2,1,1,1
token360,1,2,1,1,1,1,1,1,1,1,1,1,1,2,1,1,1,1,1,1
token254,1,1,1,1,1,1,2,1,1,1,1,1,1,1,1,1,1,1,2,1
token205,1,1,1,1,1,1,1,1,1,1,2,1,1,1,1,1,1,1,2,1
token252,1,2,1,1,1,1,1,1,1,1,1,1,1,2,2,1,1,1,1,1
token363,1,2,1,1,1,1,1,1,1,1,1,1,1,1,1,1,1,1,1,1
token250,1,3,1,1,1,1,1,1,1,1,1,1,1,1,1,1,1,1,1,1
token65,1,1,1,1,1,1,2,1,1,1,1,1,1,1,1,1,1,1,1,1
token15,1,1,1,1,1,1,1,1,1,1,1,1,1,2,1,1,1,1,1,1
token5,1,2,1,1,1,1,1,1,1,1,1,1,1,1,1,1,1,1,1,1
token263,1,2,1,1,1,1,1,1,1,1,1,1,1,1,1,1,1,1,1,1
token461,1,2,1,1,1,1,1,1,1,1,1,1,2,1,1,1,1,1,1,1
token217,1,1,1,1,1,2,1,1,1,1,1,2,1,1,1,1,1,1,1,1
token393,1,1,1,1,1,1,1,1,1,1,1,1,2,1,1,1,1,1,1,1
token46,1,1,1,1,1,1,1,1,1,1,1,1,1,1,1,1,1,2,1,1
token0,1,1,1,1,1,1,1,1,1,1,1,1,1,1,1,1,1,2,1,1
token483,1,1,1,1,1,1,2,1,1,1,1,1,1,2,1,1,1,1,1,1
token23,1,1,1,1,1,1,2,1,1,1,1,1,1,1,1,1,1,1,1,1
token469,2,1,1,1,1,1,1,1,1,1,1,1,1,1,1,1,1,1,1,2
token78,2,1,1,1,1,1,1,1,1,1,1,1,1,1,1,1,1,1,1,1
token1,2,1,1,1,1,1,1,1,1,1,1,1,1,1,1,1,1,1,1,1
token256,1,2,1,1,1,1,1,1,1,1,1,1,1,1,2,1,1,1,1,1
token200,1,2,1,1,1,1,1,1,1,1,1,1,1,1,1,1,1,1,1,1
token246,1,1,1,1,1,1,1,1,1,1,1,1,1,2,1,1,1,1,1,1
token73,1,1,1,1,1,2,1,1,1,1,1,1,1,1,1,1,1,1,1,1
token210,1,1,1,1,1,2,1,1,1,1,1,1,1,1,1,1,1,1,1,1
